{"cameraMode":{"drawMode":0,"name":"Shaded","section":"Shading Mode"},"sceneLighting":true,"audioPlay":false,"sceneViewState":{"m_AlwaysRefresh":false,"showFog":true,"showSkybox":true,"showFlares":true,"showImageEffects":true,"showParticleSystems":true,"showVisualEffectGraphs":true,"m_FxEnabled":true},"in2DMode":false,"pivot":{"x":-1.713342308998108,"y":0.011226187460124493,"z":-1.4178667068481446},"rotation":{"x":0.04056166112422943,"y":-0.7868144512176514,"z":0.05200562626123428,"w":0.6136789917945862},"size":1.6285645961761475,"orthographic":false}