{"cameraMode":{"drawMode":0,"name":"Shaded","section":"Shading Mode"},"sceneLighting":true,"audioPlay":false,"sceneViewState":{"m_AlwaysRefresh":false,"showFog":true,"showSkybox":true,"showFlares":true,"showImageEffects":true,"showParticleSystems":true,"showVisualEffectGraphs":true,"m_FxEnabled":true},"in2DMode":false,"pivot":{"x":3.6933748722076418,"y":1.5733206272125245,"z":0.16448341310024262},"rotation":{"x":0.01902458444237709,"y":-0.7091802358627319,"z":-0.019154435023665429,"w":-0.704521119594574},"size":3.657564163208008,"orthographic":false}